team_favorite_id, favorite_Score, favorite_OffensiveYards, favorite_OffensiveYardsPerPlay, favorite_RushingYards, favorite_RushingYardsPerAttempt, favorite_PassingYards, favorite_PassingYardsPerAttempt, favorite_PassingInterceptionPercentage, favorite_TimesSackedPercentage, favorite_OpponentScore, favorite_OpponentOffensiveYards, favorite_OpponentOffensiveYardsPerPlay, favorite_OpponentRushingYards, favorite_OpponentRushingYardsPerAttempt, favorite_OpponentPassingYards, favorite_OpponentPassingYardsPerAttempt, favorite_OpponentPassingInterceptionPercentage, favorite_OpponentTimesSackedPercentage, favorite_PointDifferential, favorite_TurnoverDifferential, favorite_PenaltyYardDifferential, favorite_TimeOfPossession, underdog_id, underdog_Score, underdog_OffensiveYards, underdog_OffensiveYardsPerPlay, underdog_RushingYards, underdog_RushingYardsPerAttempt, underdog_PassingYards, underdog_PassingYardsPerAttempt, underdog_PassingInterceptionPercentage, underdog_TimesSackedPercentage, underdog_OpponentScore, underdog_OpponentOffensiveYards, underdog_OpponentOffensiveYardsPerPlay, underdog_OpponentRushingYards, underdog_OpponentRushingYardsPerAttempt, underdog_OpponentPassingYards, underdog_OpponentPassingYardsPerAttempt, underdog_OpponentPassingInterceptionPercentage, underdog_OpponentTimesSackedPercentage, underdog_PointDifferential, underdog_TurnoverDifferential, underdog_PenaltyYardDifferential, underdog_TimeOfPossession, actual
DAL , 1 , 2 , 7 , 10 , 11 , 3 , 6 , 8 , 7 , 7 , 19 , 21 , 15 , 24 , 24 , 18 , 2 , 16 , 3 , 3 , 24 , 8 , NO , 19 , 29 , 26 , 17 , 27 , 31 , 20 , 21 , 21 , 4 , 8 , 4 , 4 , 1 , 14 , 13 , 7 , 7 , 15 , 10 , 20 , 22 , True
TB , 2 , 1 , 3 , 27 , 15 , 1 , 11 , 6 , 1 , 10 , 14 , 7 , 3 , 13 , 22 , 4 , 11 , 11 , 4 , 7 , 32 , 9 , ATL , 27 , 26 , 21 , 30 , 30 , 18 , 18 , 18 , 20 , 29 , 24 , 21 , 26 , 13 , 19 , 22 , 16 , 32 , 27 , 20 , 5 , 26 , True
ARI , 11 , 8 , 11 , 9 , 20 , 8 , 4 , 9 , 14 , 5 , 10 , 13 , 11 , 19 , 8 , 11 , 16 , 9 , 7 , 4 , 22 , 6 , CHI , 26 , 28 , 26 , 11 , 15 , 32 , 25 , 31 , 32 , 20 , 5 , 7 , 24 , 19 , 3 , 18 , 24 , 1 , 25 , 28 , 23 , 17 , True
CIN , 5 , 9 , 3 , 22 , 24 , 7 , 1 , 21 , 29 , 17 , 18 , 19 , 5 , 9 , 27 , 18 , 22 , 12 , 9 , 19 , 1 , 4 , LAC , 6 , 4 , 3 , 20 , 11 , 4 , 6 , 12 , 5 , 26 , 23 , 21 , 30 , 27 , 13 , 23 , 19 , 19 , 16 , 15 , 26 , 27 , False
MIN , 14 , 12 , 16 , 15 , 15 , 11 , 13 , 2 , 5 , 25 , 31 , 26 , 27 , 29 , 26 , 24 , 14 , 7 , 19 , 6 , 30 , 23 , DET , 28 , 22 , 21 , 18 , 8 , 21 , 27 , 16 , 15 , 30 , 28 , 27 , 28 , 19 , 25 , 30 , 24 , 27 , 29 , 25 , 16 , 28 , False
IND , 7 , 15 , 11 , 2 , 1 , 23 , 18 , 4 , 10 , 12 , 17 , 21 , 12 , 24 , 18 , 18 , 4 , 24 , 6 , 1 , 2 , 5 , HOU , 30 , 32 , 31 , 32 , 31 , 30 , 27 , 27 , 25 , 26 , 29 , 27 , 32 , 29 , 21 , 28 , 5 , 21 , 30 , 11 , 29 , 29 , True
KC , 4 , 3 , 3 , 16 , 8 , 2 , 9 , 11 , 2 , 13 , 26 , 27 , 17 , 27 , 28 , 24 , 10 , 27 , 5 , 11 , 18 , 9 , DEN , 23 , 19 , 18 , 14 , 15 , 19 , 15 , 6 , 21 , 3 , 9 , 13 , 14 , 13 , 7 , 16 , 11 , 15 , 17 , 13 , 4 , 16 , True
LV , 18 , 11 , 8 , 29 , 29 , 6 , 4 , 13 , 15 , 24 , 13 , 7 , 21 , 9 , 10 , 8 , 32 , 23 , 23 , 28 , 28 , 14 , WAS , 22 , 20 , 21 , 13 , 20 , 20 , 20 , 23 , 21 , 28 , 27 , 27 , 8 , 9 , 30 , 28 , 27 , 19 , 26 , 26 , 10 , 12 , False
LAR , 9 , 6 , 1 , 24 , 23 , 5 , 3 , 23 , 4 , 15 , 16 , 7 , 6 , 3 , 20 , 11 , 8 , 4 , 7 , 13 , 15 , 24 , JAX , 32 , 27 , 21 , 23 , 6 , 24 , 30 , 28 , 11 , 31 , 22 , 25 , 25 , 13 , 16 , 27 , 31 , 29 , 32 , 32 , 14 , 31 , True
MIA , 24 , 25 , 29 , 31 , 31 , 15 , 25 , 13 , 19 , 16 , 15 , 7 , 10 , 19 , 14 , 8 , 16 , 4 , 21 , 20 , 7 , 21 , NYG , 31 , 31 , 30 , 26 , 24 , 28 , 31 , 29 , 15 , 23 , 20 , 13 , 23 , 13 , 17 , 8 , 11 , 26 , 28 , 24 , 6 , 25 , True
PHI , 12 , 14 , 8 , 1 , 3 , 22 , 12 , 9 , 13 , 8 , 7 , 2 , 7 , 3 , 11 , 6 , 19 , 29 , 11 , 15 , 19 , 18 , NYJ , 25 , 21 , 20 , 24 , 8 , 17 , 24 , 30 , 21 , 32 , 32 , 27 , 29 , 19 , 29 , 30 , 30 , 21 , 31 , 31 , 21 , 30 , True
BAL , 16 , 7 , 18 , 5 , 6 , 13 , 15 , 23 , 28 , 20 , 25 , 32 , 1 , 3 , 32 , 32 , 28 , 24 , 18 , 27 , 17 , 2 , PIT , 21 , 24 , 26 , 28 , 27 , 16 , 29 , 5 , 12 , 22 , 21 , 19 , 31 , 31 , 12 , 16 , 19 , 2 , 22 , 17 , 3 , 19 , False
SF , 13 , 10 , 1 , 7 , 15 , 12 , 2 , 16 , 15 , 14 , 4 , 7 , 9 , 7 , 5 , 13 , 28 , 3 , 13 , 23 , 31 , 11 , SEA , 17 , 23 , 11 , 12 , 4 , 25 , 14 , 3 , 29 , 10 , 30 , 18 , 18 , 2 , 31 , 24 , 24 , 31 , 14 , 9 , 8 , 32 , False
BUF , 3 , 5 , 11 , 6 , 5 , 10 , 15 , 18 , 3 , 2 , 1 , 1 , 19 , 13 , 1 , 1 , 3 , 18 , 1 , 7 , 25 , 15 , NE , 8 , 16 , 11 , 8 , 11 , 14 , 9 , 13 , 7 , 1 , 3 , 4 , 22 , 24 , 4 , 2 , 1 , 12 , 2 , 5 , 13 , 7 , False
MIN , 14 , 12 , 16 , 15 , 15 , 11 , 13 , 2 , 5 , 25 , 31 , 26 , 27 , 29 , 26 , 24 , 14 , 7 , 19 , 6 , 30 , 23 , PIT , 21 , 24 , 26 , 28 , 27 , 16 , 29 , 5 , 12 , 22 , 21 , 19 , 31 , 31 , 12 , 16 , 19 , 2 , 22 , 17 , 3 , 19 , True
CAR , 29 , 30 , 31 , 21 , 24 , 29 , 31 , 31 , 26 , 19 , 2 , 2 , 20 , 7 , 2 , 6 , 23 , 4 , 24 , 28 , 11 , 20 , ATL , 27 , 26 , 21 , 30 , 30 , 18 , 18 , 18 , 20 , 29 , 24 , 21 , 26 , 13 , 19 , 22 , 16 , 32 , 27 , 20 , 5 , 26 , False
SF , 13 , 10 , 1 , 7 , 15 , 12 , 2 , 16 , 15 , 14 , 4 , 7 , 9 , 7 , 5 , 13 , 28 , 3 , 13 , 23 , 31 , 11 , CIN , 5 , 9 , 3 , 22 , 24 , 7 , 1 , 21 , 29 , 17 , 18 , 19 , 5 , 9 , 27 , 18 , 22 , 12 , 9 , 19 , 1 , 4 , True
CLE , 20 , 18 , 17 , 4 , 1 , 26 , 20 , 18 , 29 , 17 , 6 , 4 , 16 , 9 , 6 , 4 , 14 , 10 , 20 , 18 , 27 , 13 , BAL , 16 , 7 , 18 , 5 , 6 , 13 , 15 , 23 , 28 , 20 , 25 , 32 , 1 , 3 , 32 , 32 , 28 , 24 , 18 , 27 , 17 , 2 , False
DEN , 23 , 19 , 18 , 14 , 15 , 19 , 15 , 6 , 21 , 3 , 9 , 13 , 14 , 13 , 7 , 16 , 11 , 15 , 17 , 13 , 4 , 16 , DET , 28 , 22 , 21 , 18 , 8 , 21 , 27 , 16 , 15 , 30 , 28 , 27 , 28 , 19 , 25 , 30 , 24 , 27 , 29 , 25 , 16 , 28 , True
GB , 10 , 12 , 8 , 19 , 20 , 9 , 6 , 1 , 7 , 8 , 11 , 13 , 13 , 31 , 9 , 2 , 6 , 16 , 10 , 1 , 12 , 1 , CHI , 26 , 28 , 26 , 11 , 15 , 32 , 25 , 31 , 32 , 20 , 5 , 7 , 24 , 19 , 3 , 18 , 24 , 1 , 25 , 28 , 23 , 17 , True
SEA , 17 , 23 , 11 , 12 , 4 , 25 , 14 , 3 , 29 , 10 , 30 , 18 , 18 , 2 , 31 , 24 , 24 , 31 , 14 , 9 , 8 , 32 , HOU , 30 , 32 , 31 , 32 , 31 , 30 , 27 , 27 , 25 , 26 , 29 , 27 , 32 , 29 , 21 , 28 , 5 , 21 , 30 , 11 , 29 , 29 , True
KC , 4 , 3 , 3 , 16 , 8 , 2 , 9 , 11 , 2 , 13 , 26 , 27 , 17 , 27 , 28 , 24 , 10 , 27 , 5 , 11 , 18 , 9 , LV , 18 , 11 , 8 , 29 , 29 , 6 , 4 , 13 , 15 , 24 , 13 , 7 , 21 , 9 , 10 , 8 , 32 , 23 , 23 , 28 , 28 , 14 , True
LAC , 6 , 4 , 3 , 20 , 11 , 4 , 6 , 12 , 5 , 26 , 23 , 21 , 30 , 27 , 13 , 23 , 19 , 19 , 16 , 15 , 26 , 27 , NYG , 31 , 31 , 30 , 26 , 24 , 28 , 31 , 29 , 15 , 23 , 20 , 13 , 23 , 13 , 17 , 8 , 11 , 26 , 28 , 24 , 6 , 25 , True
NO , 19 , 29 , 26 , 17 , 27 , 31 , 20 , 21 , 21 , 4 , 8 , 4 , 4 , 1 , 14 , 13 , 7 , 7 , 15 , 10 , 20 , 22 , NYJ , 25 , 21 , 20 , 24 , 8 , 17 , 24 , 30 , 21 , 32 , 32 , 27 , 29 , 19 , 29 , 30 , 30 , 21 , 31 , 31 , 21 , 30 , True
TB , 2 , 1 , 3 , 27 , 15 , 1 , 11 , 6 , 1 , 10 , 14 , 7 , 3 , 13 , 22 , 4 , 11 , 11 , 4 , 7 , 32 , 9 , BUF , 3 , 5 , 11 , 6 , 5 , 10 , 15 , 18 , 3 , 2 , 1 , 1 , 19 , 13 , 1 , 1 , 3 , 18 , 1 , 7 , 25 , 15 , True
TEN , 15 , 17 , 21 , 3 , 11 , 27 , 23 , 23 , 27 , 6 , 12 , 13 , 2 , 6 , 23 , 13 , 9 , 12 , 12 , 20 , 9 , 3 , JAX , 32 , 27 , 21 , 23 , 6 , 24 , 30 , 28 , 11 , 31 , 22 , 25 , 25 , 13 , 16 , 27 , 31 , 29 , 32 , 32 , 14 , 31 , True
DAL , 1 , 2 , 7 , 10 , 11 , 3 , 6 , 8 , 7 , 7 , 19 , 21 , 15 , 24 , 24 , 18 , 2 , 16 , 3 , 3 , 24 , 8 , WAS , 22 , 20 , 21 , 13 , 20 , 20 , 20 , 23 , 21 , 28 , 27 , 27 , 8 , 9 , 30 , 28 , 27 , 19 , 26 , 26 , 10 , 12 , True
ARI , 11 , 8 , 11 , 9 , 20 , 8 , 4 , 9 , 14 , 5 , 10 , 13 , 11 , 19 , 8 , 11 , 16 , 9 , 7 , 4 , 22 , 6 , LAR , 9 , 6 , 1 , 24 , 23 , 5 , 3 , 23 , 4 , 15 , 16 , 7 , 6 , 3 , 20 , 11 , 8 , 4 , 7 , 13 , 15 , 24 , False
KC , 4 , 3 , 3 , 16 , 8 , 2 , 9 , 11 , 2 , 13 , 26 , 27 , 17 , 27 , 28 , 24 , 10 , 27 , 5 , 11 , 18 , 9 , LAC , 6 , 4 , 3 , 20 , 11 , 4 , 6 , 12 , 5 , 26 , 23 , 21 , 30 , 27 , 13 , 23 , 19 , 19 , 16 , 15 , 26 , 27 , True
LV , 18 , 11 , 8 , 29 , 29 , 6 , 4 , 13 , 15 , 24 , 13 , 7 , 21 , 9 , 10 , 8 , 32 , 23 , 23 , 28 , 28 , 14 , CLE , 20 , 18 , 17 , 4 , 1 , 26 , 20 , 18 , 29 , 17 , 6 , 4 , 16 , 9 , 6 , 4 , 14 , 10 , 20 , 18 , 27 , 13 , True
IND , 7 , 15 , 11 , 2 , 1 , 23 , 18 , 4 , 10 , 12 , 17 , 21 , 12 , 24 , 18 , 18 , 4 , 24 , 6 , 1 , 2 , 5 , NE , 8 , 16 , 11 , 8 , 11 , 14 , 9 , 13 , 7 , 1 , 3 , 4 , 22 , 24 , 4 , 2 , 1 , 12 , 2 , 5 , 13 , 7 , True
GB , 10 , 12 , 8 , 19 , 20 , 9 , 6 , 1 , 7 , 8 , 11 , 13 , 13 , 31 , 9 , 2 , 6 , 16 , 10 , 1 , 12 , 1 , BAL , 16 , 7 , 18 , 5 , 6 , 13 , 15 , 23 , 28 , 20 , 25 , 32 , 1 , 3 , 32 , 32 , 28 , 24 , 18 , 27 , 17 , 2 , False
BUF , 3 , 5 , 11 , 6 , 5 , 10 , 15 , 18 , 3 , 2 , 1 , 1 , 19 , 13 , 1 , 1 , 3 , 18 , 1 , 7 , 25 , 15 , CAR , 29 , 30 , 31 , 21 , 24 , 29 , 31 , 31 , 26 , 19 , 2 , 2 , 20 , 7 , 2 , 6 , 23 , 4 , 24 , 28 , 11 , 20 , True
DEN , 23 , 19 , 18 , 14 , 15 , 19 , 15 , 6 , 21 , 3 , 9 , 13 , 14 , 13 , 7 , 16 , 11 , 15 , 17 , 13 , 4 , 16 , CIN , 5 , 9 , 3 , 22 , 24 , 7 , 1 , 21 , 29 , 17 , 18 , 19 , 5 , 9 , 27 , 18 , 22 , 12 , 9 , 19 , 1 , 4 , False
ARI , 11 , 8 , 11 , 9 , 20 , 8 , 4 , 9 , 14 , 5 , 10 , 13 , 11 , 19 , 8 , 11 , 16 , 9 , 7 , 4 , 22 , 6 , DET , 28 , 22 , 21 , 18 , 8 , 21 , 27 , 16 , 15 , 30 , 28 , 27 , 28 , 19 , 25 , 30 , 24 , 27 , 29 , 25 , 16 , 28 , False
JAX , 32 , 27 , 21 , 23 , 6 , 24 , 30 , 28 , 11 , 31 , 22 , 25 , 25 , 13 , 16 , 27 , 31 , 29 , 32 , 32 , 14 , 31 , HOU , 30 , 32 , 31 , 32 , 31 , 30 , 27 , 27 , 25 , 26 , 29 , 27 , 32 , 29 , 21 , 28 , 5 , 21 , 30 , 11 , 29 , 29 , False
MIA , 24 , 25 , 29 , 31 , 31 , 15 , 25 , 13 , 19 , 16 , 15 , 7 , 10 , 19 , 14 , 8 , 16 , 4 , 21 , 20 , 7 , 21 , NYJ , 25 , 21 , 20 , 24 , 8 , 17 , 24 , 30 , 21 , 32 , 32 , 27 , 29 , 19 , 29 , 30 , 30 , 21 , 31 , 31 , 21 , 30 , False
DAL , 1 , 2 , 7 , 10 , 11 , 3 , 6 , 8 , 7 , 7 , 19 , 21 , 15 , 24 , 24 , 18 , 2 , 16 , 3 , 3 , 24 , 8 , NYG , 31 , 31 , 30 , 26 , 24 , 28 , 31 , 29 , 15 , 23 , 20 , 13 , 23 , 13 , 17 , 8 , 11 , 26 , 28 , 24 , 6 , 25 , True
PIT , 21 , 24 , 26 , 28 , 27 , 16 , 29 , 5 , 12 , 22 , 21 , 19 , 31 , 31 , 12 , 16 , 19 , 2 , 22 , 17 , 3 , 19 , TEN , 15 , 17 , 21 , 3 , 11 , 27 , 23 , 23 , 27 , 6 , 12 , 13 , 2 , 6 , 23 , 13 , 9 , 12 , 12 , 20 , 9 , 3 , True
SF , 13 , 10 , 1 , 7 , 15 , 12 , 2 , 16 , 15 , 14 , 4 , 7 , 9 , 7 , 5 , 13 , 28 , 3 , 13 , 23 , 31 , 11 , ATL , 27 , 26 , 21 , 30 , 30 , 18 , 18 , 18 , 20 , 29 , 24 , 21 , 26 , 13 , 19 , 22 , 16 , 32 , 27 , 20 , 5 , 26 , True
TB , 2 , 1 , 3 , 27 , 15 , 1 , 11 , 6 , 1 , 10 , 14 , 7 , 3 , 13 , 22 , 4 , 11 , 11 , 4 , 7 , 32 , 9 , NO , 19 , 29 , 26 , 17 , 27 , 31 , 20 , 21 , 21 , 4 , 8 , 4 , 4 , 1 , 14 , 13 , 7 , 7 , 15 , 10 , 20 , 22 , False
MIN , 14 , 12 , 16 , 15 , 15 , 11 , 13 , 2 , 5 , 25 , 31 , 26 , 27 , 29 , 26 , 24 , 14 , 7 , 19 , 6 , 30 , 23 , CHI , 26 , 28 , 26 , 11 , 15 , 32 , 25 , 31 , 32 , 20 , 5 , 7 , 24 , 19 , 3 , 18 , 24 , 1 , 25 , 28 , 23 , 17 , True
LAR , 9 , 6 , 1 , 24 , 23 , 5 , 3 , 23 , 4 , 15 , 16 , 7 , 6 , 3 , 20 , 11 , 8 , 4 , 7 , 13 , 15 , 24 , SEA , 17 , 23 , 11 , 12 , 4 , 25 , 14 , 3 , 29 , 10 , 30 , 18 , 18 , 2 , 31 , 24 , 24 , 31 , 14 , 9 , 8 , 32 , True
PHI , 12 , 14 , 8 , 1 , 3 , 22 , 12 , 9 , 13 , 8 , 7 , 2 , 7 , 3 , 11 , 6 , 19 , 29 , 11 , 15 , 19 , 18 , WAS , 22 , 20 , 21 , 13 , 20 , 20 , 20 , 23 , 21 , 28 , 27 , 27 , 8 , 9 , 30 , 28 , 27 , 19 , 26 , 26 , 10 , 12 , False
SF , 13 , 10 , 1 , 7 , 15 , 12 , 2 , 16 , 15 , 14 , 4 , 7 , 9 , 7 , 5 , 13 , 28 , 3 , 13 , 23 , 31 , 11 , TEN , 15 , 17 , 21 , 3 , 11 , 27 , 23 , 23 , 27 , 6 , 12 , 13 , 2 , 6 , 23 , 13 , 9 , 12 , 12 , 20 , 9 , 3 , False
ARI , 11 , 8 , 11 , 9 , 20 , 8 , 4 , 9 , 14 , 5 , 10 , 13 , 11 , 19 , 8 , 11 , 16 , 9 , 7 , 4 , 22 , 6 , IND , 7 , 15 , 11 , 2 , 1 , 23 , 18 , 4 , 10 , 12 , 17 , 21 , 12 , 24 , 18 , 18 , 4 , 24 , 6 , 1 , 2 , 5 , False
GB , 10 , 12 , 8 , 19 , 20 , 9 , 6 , 1 , 7 , 8 , 11 , 13 , 13 , 31 , 9 , 2 , 6 , 16 , 10 , 1 , 12 , 1 , CLE , 20 , 18 , 17 , 4 , 1 , 26 , 20 , 18 , 29 , 17 , 6 , 4 , 16 , 9 , 6 , 4 , 14 , 10 , 20 , 18 , 27 , 13 , False
ATL , 27 , 26 , 21 , 30 , 30 , 18 , 18 , 18 , 20 , 29 , 24 , 21 , 26 , 13 , 19 , 22 , 16 , 32 , 27 , 20 , 5 , 26 , DET , 28 , 22 , 21 , 18 , 8 , 21 , 27 , 16 , 15 , 30 , 28 , 27 , 28 , 19 , 25 , 30 , 24 , 27 , 29 , 25 , 16 , 28 , False
TB , 2 , 1 , 3 , 27 , 15 , 1 , 11 , 6 , 1 , 10 , 14 , 7 , 3 , 13 , 22 , 4 , 11 , 11 , 4 , 7 , 32 , 9 , CAR , 29 , 30 , 31 , 21 , 24 , 29 , 31 , 31 , 26 , 19 , 2 , 2 , 20 , 7 , 2 , 6 , 23 , 4 , 24 , 28 , 11 , 20 , True
CIN , 5 , 9 , 3 , 22 , 24 , 7 , 1 , 21 , 29 , 17 , 18 , 19 , 5 , 9 , 27 , 18 , 22 , 12 , 9 , 19 , 1 , 4 , BAL , 16 , 7 , 18 , 5 , 6 , 13 , 15 , 23 , 28 , 20 , 25 , 32 , 1 , 3 , 32 , 32 , 28 , 24 , 18 , 27 , 17 , 2 , True
DAL , 1 , 2 , 7 , 10 , 11 , 3 , 6 , 8 , 7 , 7 , 19 , 21 , 15 , 24 , 24 , 18 , 2 , 16 , 3 , 3 , 24 , 8 , WAS , 22 , 20 , 21 , 13 , 20 , 20 , 20 , 23 , 21 , 28 , 27 , 27 , 8 , 9 , 30 , 28 , 27 , 19 , 26 , 26 , 10 , 12 , True
LAC , 6 , 4 , 3 , 20 , 11 , 4 , 6 , 12 , 5 , 26 , 23 , 21 , 30 , 27 , 13 , 23 , 19 , 19 , 16 , 15 , 26 , 27 , HOU , 30 , 32 , 31 , 32 , 31 , 30 , 27 , 27 , 25 , 26 , 29 , 27 , 32 , 29 , 21 , 28 , 5 , 21 , 30 , 11 , 29 , 29 , False
KC , 4 , 3 , 3 , 16 , 8 , 2 , 9 , 11 , 2 , 13 , 26 , 27 , 17 , 27 , 28 , 24 , 10 , 27 , 5 , 11 , 18 , 9 , PIT , 21 , 24 , 26 , 28 , 27 , 16 , 29 , 5 , 12 , 22 , 21 , 19 , 31 , 31 , 12 , 16 , 19 , 2 , 22 , 17 , 3 , 19 , True
DEN , 23 , 19 , 18 , 14 , 15 , 19 , 15 , 6 , 21 , 3 , 9 , 13 , 14 , 13 , 7 , 16 , 11 , 15 , 17 , 13 , 4 , 16 , LV , 18 , 11 , 8 , 29 , 29 , 6 , 4 , 13 , 15 , 24 , 13 , 7 , 21 , 9 , 10 , 8 , 32 , 23 , 23 , 28 , 28 , 14 , False
LAR , 9 , 6 , 1 , 24 , 23 , 5 , 3 , 23 , 4 , 15 , 16 , 7 , 6 , 3 , 20 , 11 , 8 , 4 , 7 , 13 , 15 , 24 , MIN , 14 , 12 , 16 , 15 , 15 , 11 , 13 , 2 , 5 , 25 , 31 , 26 , 27 , 29 , 26 , 24 , 14 , 7 , 19 , 6 , 30 , 23 , True
NE , 8 , 16 , 11 , 8 , 11 , 14 , 9 , 13 , 7 , 1 , 3 , 4 , 22 , 24 , 4 , 2 , 1 , 12 , 2 , 5 , 13 , 7 , BUF , 3 , 5 , 11 , 6 , 5 , 10 , 15 , 18 , 3 , 2 , 1 , 1 , 19 , 13 , 1 , 1 , 3 , 18 , 1 , 7 , 25 , 15 , False
NYJ , 25 , 21 , 20 , 24 , 8 , 17 , 24 , 30 , 21 , 32 , 32 , 27 , 29 , 19 , 29 , 30 , 30 , 21 , 31 , 31 , 21 , 30 , JAX , 32 , 27 , 21 , 23 , 6 , 24 , 30 , 28 , 11 , 31 , 22 , 25 , 25 , 13 , 16 , 27 , 31 , 29 , 32 , 32 , 14 , 31 , True
PHI , 12 , 14 , 8 , 1 , 3 , 22 , 12 , 9 , 13 , 8 , 7 , 2 , 7 , 3 , 11 , 6 , 19 , 29 , 11 , 15 , 19 , 18 , NYG , 31 , 31 , 30 , 26 , 24 , 28 , 31 , 29 , 15 , 23 , 20 , 13 , 23 , 13 , 17 , 8 , 11 , 26 , 28 , 24 , 6 , 25 , True
SEA , 17 , 23 , 11 , 12 , 4 , 25 , 14 , 3 , 29 , 10 , 30 , 18 , 18 , 2 , 31 , 24 , 24 , 31 , 14 , 9 , 8 , 32 , CHI , 26 , 28 , 26 , 11 , 15 , 32 , 25 , 31 , 32 , 20 , 5 , 7 , 24 , 19 , 3 , 18 , 24 , 1 , 25 , 28 , 23 , 17 , False
MIA , 24 , 25 , 29 , 31 , 31 , 15 , 25 , 13 , 19 , 16 , 15 , 7 , 10 , 19 , 14 , 8 , 16 , 4 , 21 , 20 , 7 , 21 , NO , 19 , 29 , 26 , 17 , 27 , 31 , 20 , 21 , 21 , 4 , 8 , 4 , 4 , 1 , 14 , 13 , 7 , 7 , 15 , 10 , 20 , 22 , True
LAR , 9 , 6 , 1 , 24 , 23 , 5 , 3 , 23 , 4 , 15 , 16 , 7 , 6 , 3 , 20 , 11 , 8 , 4 , 7 , 13 , 15 , 24 , BAL , 16 , 7 , 18 , 5 , 6 , 13 , 15 , 23 , 28 , 20 , 25 , 32 , 1 , 3 , 32 , 32 , 28 , 24 , 18 , 27 , 17 , 2 , False
BUF , 3 , 5 , 11 , 6 , 5 , 10 , 15 , 18 , 3 , 2 , 1 , 1 , 19 , 13 , 1 , 1 , 3 , 18 , 1 , 7 , 25 , 15 , ATL , 27 , 26 , 21 , 30 , 30 , 18 , 18 , 18 , 20 , 29 , 24 , 21 , 26 , 13 , 19 , 22 , 16 , 32 , 27 , 20 , 5 , 26 , False
CHI , 26 , 28 , 26 , 11 , 15 , 32 , 25 , 31 , 32 , 20 , 5 , 7 , 24 , 19 , 3 , 18 , 24 , 1 , 25 , 28 , 23 , 17 , NYG , 31 , 31 , 30 , 26 , 24 , 28 , 31 , 29 , 15 , 23 , 20 , 13 , 23 , 13 , 17 , 8 , 11 , 26 , 28 , 24 , 6 , 25 , True
KC , 4 , 3 , 3 , 16 , 8 , 2 , 9 , 11 , 2 , 13 , 26 , 27 , 17 , 27 , 28 , 24 , 10 , 27 , 5 , 11 , 18 , 9 , CIN , 5 , 9 , 3 , 22 , 24 , 7 , 1 , 21 , 29 , 17 , 18 , 19 , 5 , 9 , 27 , 18 , 22 , 12 , 9 , 19 , 1 , 4 , False
DAL , 1 , 2 , 7 , 10 , 11 , 3 , 6 , 8 , 7 , 7 , 19 , 21 , 15 , 24 , 24 , 18 , 2 , 16 , 3 , 3 , 24 , 8 , ARI , 11 , 8 , 11 , 9 , 20 , 8 , 4 , 9 , 14 , 5 , 10 , 13 , 11 , 19 , 8 , 11 , 16 , 9 , 7 , 4 , 22 , 6 , False
GB , 10 , 12 , 8 , 19 , 20 , 9 , 6 , 1 , 7 , 8 , 11 , 13 , 13 , 31 , 9 , 2 , 6 , 16 , 10 , 1 , 12 , 1 , MIN , 14 , 12 , 16 , 15 , 15 , 11 , 13 , 2 , 5 , 25 , 31 , 26 , 27 , 29 , 26 , 24 , 14 , 7 , 19 , 6 , 30 , 23 , True
IND , 7 , 15 , 11 , 2 , 1 , 23 , 18 , 4 , 10 , 12 , 17 , 21 , 12 , 24 , 18 , 18 , 4 , 24 , 6 , 1 , 2 , 5 , LV , 18 , 11 , 8 , 29 , 29 , 6 , 4 , 13 , 15 , 24 , 13 , 7 , 21 , 9 , 10 , 8 , 32 , 23 , 23 , 28 , 28 , 14 , False
LAC , 6 , 4 , 3 , 20 , 11 , 4 , 6 , 12 , 5 , 26 , 23 , 21 , 30 , 27 , 13 , 23 , 19 , 19 , 16 , 15 , 26 , 27 , DEN , 23 , 19 , 18 , 14 , 15 , 19 , 15 , 6 , 21 , 3 , 9 , 13 , 14 , 13 , 7 , 16 , 11 , 15 , 17 , 13 , 4 , 16 , True
NE , 8 , 16 , 11 , 8 , 11 , 14 , 9 , 13 , 7 , 1 , 3 , 4 , 22 , 24 , 4 , 2 , 1 , 12 , 2 , 5 , 13 , 7 , JAX , 32 , 27 , 21 , 23 , 6 , 24 , 30 , 28 , 11 , 31 , 22 , 25 , 25 , 13 , 16 , 27 , 31 , 29 , 32 , 32 , 14 , 31 , True
NO , 19 , 29 , 26 , 17 , 27 , 31 , 20 , 21 , 21 , 4 , 8 , 4 , 4 , 1 , 14 , 13 , 7 , 7 , 15 , 10 , 20 , 22 , CAR , 29 , 30 , 31 , 21 , 24 , 29 , 31 , 31 , 26 , 19 , 2 , 2 , 20 , 7 , 2 , 6 , 23 , 4 , 24 , 28 , 11 , 20 , True
TB , 2 , 1 , 3 , 27 , 15 , 1 , 11 , 6 , 1 , 10 , 14 , 7 , 3 , 13 , 22 , 4 , 11 , 11 , 4 , 7 , 32 , 9 , NYJ , 25 , 21 , 20 , 24 , 8 , 17 , 24 , 30 , 21 , 32 , 32 , 27 , 29 , 19 , 29 , 30 , 30 , 21 , 31 , 31 , 21 , 30 , False
SF , 13 , 10 , 1 , 7 , 15 , 12 , 2 , 16 , 15 , 14 , 4 , 7 , 9 , 7 , 5 , 13 , 28 , 3 , 13 , 23 , 31 , 11 , HOU , 30 , 32 , 31 , 32 , 31 , 30 , 27 , 27 , 25 , 26 , 29 , 27 , 32 , 29 , 21 , 28 , 5 , 21 , 30 , 11 , 29 , 29 , True
SEA , 17 , 23 , 11 , 12 , 4 , 25 , 14 , 3 , 29 , 10 , 30 , 18 , 18 , 2 , 31 , 24 , 24 , 31 , 14 , 9 , 8 , 32 , DET , 28 , 22 , 21 , 18 , 8 , 21 , 27 , 16 , 15 , 30 , 28 , 27 , 28 , 19 , 25 , 30 , 24 , 27 , 29 , 25 , 16 , 28 , True
TEN , 15 , 17 , 21 , 3 , 11 , 27 , 23 , 23 , 27 , 6 , 12 , 13 , 2 , 6 , 23 , 13 , 9 , 12 , 12 , 20 , 9 , 3 , MIA , 24 , 25 , 29 , 31 , 31 , 15 , 25 , 13 , 19 , 16 , 15 , 7 , 10 , 19 , 14 , 8 , 16 , 4 , 21 , 20 , 7 , 21 , True
PHI , 12 , 14 , 8 , 1 , 3 , 22 , 12 , 9 , 13 , 8 , 7 , 2 , 7 , 3 , 11 , 6 , 19 , 29 , 11 , 15 , 19 , 18 , WAS , 22 , 20 , 21 , 13 , 20 , 20 , 20 , 23 , 21 , 28 , 27 , 27 , 8 , 9 , 30 , 28 , 27 , 19 , 26 , 26 , 10 , 12 , False
PIT , 21 , 24 , 26 , 28 , 27 , 16 , 29 , 5 , 12 , 22 , 21 , 19 , 31 , 31 , 12 , 16 , 19 , 2 , 22 , 17 , 3 , 19 , CLE , 20 , 18 , 17 , 4 , 1 , 26 , 20 , 18 , 29 , 17 , 6 , 4 , 16 , 9 , 6 , 4 , 14 , 10 , 20 , 18 , 27 , 13 , True
